{
    "fate_last_time": 1673869760.914393,
    "fate": 49,
    "last_time": 1672679983.5975022,
    "day": 1,
    "point": 50,
    "fate_change_pt": -4
}