{
    "day": 26,
    "point": 193,
    "last_time": 1701703279.6008067,
    "fate_last_time": 1701703264.604388,
    "fate": 13,
    "fate_change_pt": -18,
    "items": {
        "hp药水": 1
    },
    "hp": 10,
    "mhp": 10,
    "emotion": 2
}